pl_name,pl_orbper,pl_orbsmax,pl_rade,pl_bmasse,pl_orbeccen
Mercury,88,0.3870993,0.383,0.05527,0.20564
Venus,224.7,0.7233369,0.949,0.815,0.00677
Earth,365.2,1.0,1.0,1.0,0.016711
Mars,687.0,1.523271,0.532,0.1074,0.093393
Jupiter,4331,5.2029,11.209,317.83,0.0489
Saturn,10747,9.537,9.449,95.159,0.0539
Uranus,30589,19.189,4.007,14.536,0.04726
Neptune,59800,30.069,3.883,17.147,0.00859
