pl_name,pl_orbper,pl_orbsmax,pl_rade,pl_bmasse,pl_orbeccen
Mercury,0.2408467,0.3870993,0.383,0.05527,0.20564
Venus,0.61519726,0.7233369,0.949,0.815,0.00677
Earth,1.0000174,1.0,1.0,1.0,0.016711
Mars,1.8808158,1.523271,0.532,0.1074,0.093393
Jupiter,11.862615,5.2029,11.209,317.83,0.0489
Saturn,29.447498,9.537,9.449,95.159,0.0539
Uranus,84.016846,19.189,4.007,14.536,0.04726
Neptune,164.79132,30.069,3.883,17.147,0.00859
